time/iterations,rollout/ep_len_mean,time/total_timesteps,rollout/ep_rew_mean,time/time_elapsed,time/fps,train/clip_range,train/value_loss,train/n_updates,train/explained_variance,train/entropy_loss,train/learning_rate,train/approx_kl,train/policy_gradient_loss,train/std,train/loss,train/clip_fraction,eval/mean_ep_length,eval/mean_reward
1,5.0,4750,0.5855720799999999,57,82,,,,,,,,,,,,,
2,5.0,9500,0.5792773899999999,98,96,0.1,0.08895621091593058,20,-4.620298385620117,-94.79067520141602,1e-05,0.013840185,-0.0036703722264864957,0.05501813441514969,0.047299690544605255,0.3556624912408491,,
3,5.0,14250,0.57910019,140,101,0.1,0.02385585237449656,40,0.07838958501815796,-94.79365622202555,1e-05,0.02642089,0.005890368549435371,0.055017970502376556,0.02789425104856491,0.42325415544134254,,
4,5.0,19000,0.58315785,180,105,0.1,0.019490752519211837,60,0.4001813530921936,-94.79456350538466,1e-05,0.018631116,0.004565668728033604,0.05501723662018776,0.0406385138630867,0.3896805456412646,,
5,5.0,23750,0.5837865,220,107,0.1,0.016708229952270077,80,0.4905306100845337,-94.7952450525193,1e-05,0.024491176,0.016112892914365236,0.05501656234264374,0.03383691608905792,0.48008332195736114,,
6,5.0,28500,0.57991921,261,109,0.1,0.013335487838291252,100,0.5727968811988831,-94.79429197311401,1e-05,0.030805083,0.017902129466983597,0.0550190731883049,0.03575625270605087,0.5051145702726596,,
7,5.0,33250,0.58024423,300,110,0.1,0.013961606246552297,120,0.58758345246315,-94.79291389102028,1e-05,0.028158939,0.013539593208466873,0.05501892417669296,0.04049520567059517,0.47738689276545,,
8,5.0,38000,0.5819379800000001,340,111,0.1,0.01298106597426037,140,0.6358543634414673,-94.79124018351237,1e-05,0.023413092,0.012979364532232003,0.05502275377511978,0.036630481481552124,0.48950554391990103,,
9,5.0,42750,0.5813338399999999,379,112,0.1,0.01339473264809284,160,0.6405015587806702,-94.78765458848741,1e-05,0.035013724,0.014128468264794924,0.05502317100763321,0.007321275770664215,0.4779666541216688,,
10,5.0,47500,0.58307143,441,107,0.1,0.012958463047592279,180,0.6378823518753052,-94.7881091594696,1e-05,0.04541217,0.013386956792869265,0.05502283573150635,-0.0040960535407066345,0.4868333219220707,5.0,0.6121361169511976
11,5.0,52250,0.58120777,482,108,0.1,0.011909402152350932,200,0.6730876564979553,-94.7869677790889,1e-05,0.030433191,0.00924475251152139,0.05502549186348915,0.021844718605279922,0.4855092466774362,,
12,5.0,57000,0.5806870000000001,521,109,0.1,0.011608068836438987,220,0.6761831939220428,-94.78461229536268,1e-05,0.021708623,0.006629310182021988,0.055026620626449585,0.04725801944732666,0.4362708228459168,,
13,5.0,61750,0.58326303,560,110,0.1,0.010094386085660921,240,0.7061090767383575,-94.78069407145182,1e-05,0.018404176,0.006935454041860894,0.055032581090927124,0.04889924079179764,0.424319433581291,,
14,5.0,66500,0.5909276099999999,600,110,0.1,0.010192432458622053,260,0.7103551626205444,-94.77974060656977,1e-05,0.028666066,0.012636546084007896,0.05502744019031525,0.06106424704194069,0.48955390959539835,,
15,5.0,71250,0.5867315900000001,639,111,0.1,0.011274770931858155,280,0.7124302089214325,-94.78326375749376,1e-05,0.022952253,0.008539864481806325,0.055027835071086884,0.03389135003089905,0.44330554466772204,,
16,5.0,76000,0.5875893499999999,678,112,0.1,0.009308542334474623,300,0.7359578609466553,-94.78360328674316,1e-05,0.024384504,0.012534699940919101,0.05502612888813019,0.057282455265522,0.4217249894281849,,
17,5.0,80750,0.5876615199999999,719,112,0.1,0.010040854470959554,320,0.7216194868087769,-94.78182834625244,1e-05,0.021652842,0.007699703954828533,0.055030886083841324,0.029072927311062813,0.4682583208878835,,
18,5.0,85500,0.58686636,757,112,0.1,0.009064371751931807,340,0.7474509477615356,-94.7787265141805,1e-05,0.02767486,0.009876456151560381,0.05503126233816147,0.02776338905096054,0.4449027669292668,,
19,5.0,90250,0.5863397499999999,796,113,0.1,0.00994147475187977,360,0.7465702891349792,-94.77853813171387,1e-05,0.026061853,0.017054693517706263,0.055031731724739075,0.027191083878278732,0.4690773702503759,,
20,5.0,95000,0.5913516799999999,860,110,0.1,0.008958209146900724,380,0.7547802180051804,-94.77604557673136,1e-05,0.032605823,0.008618067202095212,0.05503533035516739,-0.002839803695678711,0.46765102945792025,5.0,0.6257844625496947
21,5.0,99750,0.5840103600000001,900,110,0.1,0.008496874322493872,400,0.766724094748497,-94.77329295930409,1e-05,0.04334027,0.017294482613949058,0.055035240948200226,0.024202320724725723,0.4887023693660185,,
22,5.0,104500,0.5841131100000001,940,111,0.1,0.0083736684328566,420,0.7769216448068619,-94.77415541013082,1e-05,0.031238072,0.012444409336670407,0.055035077035427094,0.002189554274082184,0.49538540306384676,,
23,5.0,109250,0.59006435,979,111,0.1,0.008463476173476212,440,0.7724224179983139,-94.77540203518338,1e-05,0.022329465,0.013768085619212635,0.05503334105014801,0.029759816825389862,0.4856944332727128,,
24,5.0,114000,0.5911672499999999,1018,111,0.1,0.008179979435263727,460,0.780795156955719,-94.77621845343174,1e-05,0.022372574,0.00847348044918611,0.055033594369888306,0.012016525492072105,0.44352562947150986,,
25,5.0,118750,0.5922582999999999,1056,112,0.1,0.008541338718637373,480,0.7812761813402176,-94.7745102853486,1e-05,0.017302215,0.008168577511552338,0.0550360381603241,0.04164715111255646,0.4313560499569796,,
26,5.0,123500,0.5926742500000001,1097,112,0.1,0.007805404970713426,500,0.7749395072460175,-94.7709110101064,1e-05,0.027970612,0.007965789719789557,0.05503961816430092,0.026120837777853012,0.4809531132816725,,
27,5.0,128250,0.58973216,1135,112,0.1,0.007919796943509331,520,0.7838283032178879,-94.76956512451171,1e-05,0.015352069,0.008004152710240551,0.05503886938095093,0.06070886552333832,0.42035832346572233,,
28,5.0,133000,0.5955623699999999,1174,113,0.1,0.007640635186163265,540,0.7949728220701218,-94.77005310058594,1e-05,0.019132864,0.00752607327554384,0.05503818020224571,0.034502048045396805,0.45662498929914797,,
29,5.0,137750,0.59383209,1212,113,0.1,0.007353089060493265,560,0.802769124507904,-94.77034579190341,1e-05,0.024670513,0.010555096887749665,0.0550387017428875,0.032863009721040726,0.4402424131364872,,
30,5.0,142500,0.59097152,1272,112,0.1,0.0067754818571054126,580,0.815905287861824,-94.76968189586293,1e-05,0.026975533,0.011681642912132442,0.05503955855965614,0.045087799429893494,0.43273483784022654,5.0,0.6364396815654239
31,5.0,147250,0.59190294,1311,112,0.1,0.006998659605492971,600,0.8052362203598022,-94.76787986755372,1e-05,0.028170941,0.011327150516297194,0.055041395127773285,0.03316207230091095,0.45738094087601416,,
32,5.0,152000,0.5957252900000001,1349,112,0.1,0.006973632231044273,620,0.808225691318512,-94.7688594636463,1e-05,0.021581916,0.011235771776391278,0.05503803491592407,0.060817088931798935,0.474523797265387,,
33,5.0,156750,0.5970278700000001,1388,112,0.1,0.006900069205134752,640,0.8124309182167053,-94.76945103236608,1e-05,0.020938085,0.005979296868660252,0.055041030049324036,0.027704671025276184,0.4666368941022527,,
34,5.0,161500,0.5959183700000001,1426,113,0.1,0.006873623795355811,660,0.8173244446516037,-94.76620571252072,1e-05,0.023406336,0.007812130602284782,0.05504288151860237,0.04823560640215874,0.4391060498811192,,
35,5.0,166250,0.59718725,1465,113,0.1,0.006791387076108632,680,0.8169426918029785,-94.76585986975468,1e-05,0.016054438,0.011538707390175032,0.05504204332828522,0.06133998930454254,0.4271136257995033,,
36,5.0,171000,0.5971008000000001,1502,113,0.1,0.006716442843233901,700,0.8200856298208237,-94.7653202238537,1e-05,0.011906146,0.004670633539861641,0.055043913424015045,0.08001081645488739,0.35571427619129065,,
37,5.0,175750,0.5956209100000001,1542,113,0.1,0.006677662438919975,720,0.820953369140625,-94.76428404914009,1e-05,0.027491653,0.00578362105732876,0.0550430491566658,0.031218692660331726,0.44830554384453636,,
38,5.0,180500,0.59915607,1581,114,0.1,0.0061313917945759995,740,0.8281068503856659,-94.76142510308159,1e-05,0.020692287,0.010587810174348665,0.055049218237400055,0.043287452310323715,0.45512221077664033,,
39,5.0,185250,0.59751561,1620,114,0.1,0.006340915513490992,760,0.8281397223472595,-94.75957258315313,1e-05,0.023192368,0.014507210024642204,0.05504549294710159,0.05980841815471649,0.4696368930085252,,
40,5.0,190000,0.59736403,1682,112,0.1,0.0060116814479919236,780,0.8334454447031021,-94.76176914033435,1e-05,0.02249044,0.01371851366141467,0.0550466850399971,0.03444516658782959,0.47142856015291595,5.0,0.6439128897282612
41,5.0,194750,0.59840054,1721,113,0.1,0.005989407526148069,800,0.8287262171506882,-94.76009574466282,1e-05,0.03125961,0.01556480074685533,0.055047813802957535,0.03409373015165329,0.4522013780764408,,
42,5.0,199500,0.6002349499999999,1760,113,0.1,0.005954231188322107,820,0.8373954445123672,-94.75949076334635,1e-05,0.014787123,0.006621830360447342,0.055047571659088135,0.039682433009147644,0.4072666552445541,,
43,5.0,204250,0.60034256,1799,113,0.1,0.005675732695898559,840,0.8419432193040848,-94.76087123023139,1e-05,0.02333018,0.013532874909124502,0.05504569783806801,0.03165879100561142,0.4762083211745549,,
44,5.0,209000,0.60250941,1839,113,0.1,0.006111829616323424,860,0.8392574340105057,-94.76353287696838,1e-05,0.04535812,0.007268823223658727,0.055043138563632965,-0.02036387100815773,0.4712239463008397,,
45,5.0,213750,0.5991785900000001,1878,113,0.1,0.005795022624431912,880,0.843837633728981,-94.76731812448213,1e-05,0.025499536,0.010889034022347812,0.055038753896951675,0.04392411559820175,0.48234847309350065,,
46,5.0,218500,0.5995766499999999,1916,114,0.1,0.005896484122301141,900,0.8400271683931351,-94.77000104464017,1e-05,0.026161158,0.00920633276625178,0.05503963679075241,0.0383627824485302,0.46742306587954935,,
47,5.0,223250,0.5982301999999999,1957,114,0.1,0.006289904856088537,920,0.8385919481515884,-94.77057996679235,1e-05,0.021511735,0.014234979674477977,0.05503704026341438,0.046597108244895935,0.469694432670561,,
48,5.0,228000,0.60538962,1997,114,0.1,0.005816380580007616,940,0.8468402028083801,-94.77134939829509,1e-05,0.024324069,0.008730664204082538,0.055038854479789734,0.03950076922774315,0.4547638767592919,,
49,5.0,232750,0.6003850300000001,2035,114,0.1,0.0053097010596603565,960,0.8517873883247375,-94.77064018249511,1e-05,0.028284414,0.013428107519322025,0.05503777414560318,0.048537254333496094,0.4679305432273799,,
50,5.0,237500,0.6046988600000001,2097,113,0.1,0.0056540142894456425,980,0.8469859063625336,-94.76953272138323,1e-05,0.03412481,0.006674889789587254,0.05504097044467926,0.018276140093803406,0.4716249879882006,5.0,0.6482022317646736
51,5.0,242250,0.6032869799999999,2137,113,0.1,0.005755319346984228,1000,0.8462668061256409,-94.76723108927409,1e-05,0.025688784,0.016835614630533055,0.055041611194610596,0.03397494554519653,0.4925333205331117,,
52,5.0,247000,0.60081131,2176,113,0.1,0.00554734665952209,1020,0.855236142873764,-94.76636767917209,1e-05,0.03383891,0.010729919910298343,0.055042631924152374,-0.018979061394929886,0.4671666554558194,,
53,5.0,251750,0.6106092799999999,2215,113,0.1,0.005313385718248107,1040,0.8576937317848206,-94.76666160352302,1e-05,0.025536047,0.010320726256950755,0.055041175335645676,0.04088224470615387,0.447257564571037,,
54,5.0,256500,0.60790179,2253,113,0.1,0.005690109549711148,1060,0.8600066602230072,-94.76575388590494,1e-05,0.013831557,0.00646545792134616,0.055044323205947876,0.06623277813196182,0.3920416560349986,,
55,5.0,261250,0.60397978,2292,113,0.1,0.005667896665787945,1080,0.8570235967636108,-94.76291020711263,1e-05,0.022140034,0.008322278998352103,0.055045925080776215,0.0664592906832695,0.426565465733542,,
56,5.0,266000,0.6067953,2330,114,0.1,0.005661584749450964,1100,0.8585833311080933,-94.7604586283366,1e-05,0.020244943,0.006093572682420156,0.055047765374183655,0.04308801889419556,0.43882574678088226,,
57,5.0,270750,0.60394416,2368,114,0.1,0.0051566538794542705,1120,0.8591515570878983,-94.76028602236794,1e-05,0.026117906,0.011171569087496315,0.05504714697599411,0.027006972581148148,0.4627559395196537,,
58,5.0,275500,0.60420349,2406,114,0.1,0.005565600106104587,1140,0.8561921566724777,-94.7604379526774,1e-05,0.014878296,0.010331457800308268,0.055047184228897095,0.05017746239900589,0.39636665540436905,,
59,5.0,280250,0.6058579199999999,2444,114,0.1,0.004901875734018782,1160,0.869327113032341,-94.76045354207356,1e-05,0.01865459,0.009748907856124445,0.055047228932380676,0.04360034316778183,0.4025648030935338,,
60,5.0,285000,0.6063605200000001,2505,113,0.1,0.004542608630391911,1180,0.8692168891429901,-94.76127243041992,1e-05,0.020761345,0.007445732762061224,0.05504591390490532,0.028839077800512314,0.44070453544881083,5.0,0.653763408326668
61,5.0,289750,0.60526287,2544,113,0.1,0.004854783551612248,1200,0.8741247057914734,-94.7611883799235,1e-05,0.024507359,0.010255758126205671,0.05504695326089859,0.05032248795032501,0.45388193293862666,,
62,5.0,294500,0.60705517,2583,114,0.1,0.005248938751174137,1220,0.867532342672348,-94.7602586110433,1e-05,0.018137619,0.005346127406889585,0.05504781752824783,0.046671196818351746,0.43311804448409624,,
63,5.0,299250,0.60903228,2621,114,0.1,0.005439994714900174,1240,0.8563760221004486,-94.7593490600586,1e-05,0.015923636,0.007816517193980601,0.0550486259162426,0.04873051866889,0.4209696859925647,,
64,5.0,304000,0.6067215399999999,2659,114,0.1,0.004727233699264212,1260,0.8711066246032715,-94.75585269927979,1e-05,0.03709027,0.015637969518912245,0.055054016411304474,0.013504788279533386,0.46634026571797826,,
65,5.0,308750,0.60830468,2698,114,0.1,0.004627918308798337,1280,0.8762646391987801,-94.75186545632103,1e-05,0.018110877,0.004926445154711437,0.055054932832717896,0.04212944954633713,0.4207348375454206,,
66,5.0,313500,0.6080149399999999,2737,114,0.1,0.004974640114232898,1300,0.868332102894783,-94.75171629163954,1e-05,0.020524355,0.012366128377053085,0.05505455285310745,0.030299291014671326,0.4697111001341707,,
67,5.0,318250,0.60905497,2776,114,0.1,0.0048939964405666945,1320,0.8737812340259552,-94.75251173361754,1e-05,0.023168506,0.011944231792850734,0.05505306273698807,0.035772904753685,0.4767179365783261,,
68,5.0,323000,0.61122546,2815,114,0.1,0.0046816338611862214,1340,0.8767643496394157,-94.75358929756361,1e-05,0.016885493,0.004237708252137113,0.05505317449569702,0.037030771374702454,0.43744870707607614,,
69,5.0,327750,0.61142667,2854,114,0.1,0.005304486053840568,1360,0.8704806417226791,-94.75531833224827,1e-05,0.01680389,0.007481039904405284,0.055050335824489594,0.04578361660242081,0.4655999873857945,,
70,5.0,332500,0.60945104,2915,114,0.1,0.00487982093084914,1380,0.8722677826881409,-94.75521314409045,1e-05,0.015712827,0.0075500468300863915,0.055053506046533585,0.04516957327723503,0.4332222113230576,5.0,0.6576311328102602
71,5.0,337250,0.6146398799999999,2952,114,0.1,0.004635069787467795,1400,0.8733846694231033,-94.7520918669524,1e-05,0.019109868,0.010237518933483108,0.05505531281232834,0.05859239026904106,0.4254166564059064,,
72,5.0,342000,0.61329192,2993,114,0.1,0.0050143162564684944,1420,0.8736797720193863,-94.75087231000265,1e-05,0.041418597,0.011478493804395834,0.055055297911167145,0.026826709508895874,0.4946354041002147,,
73,5.0,346750,0.6126459499999999,3031,114,0.1,0.005202405724364022,1440,0.873107448220253,-94.75215950012208,1e-05,0.014087887,0.003429959350086594,0.055053308606147766,0.039410755038261414,0.4116166560491547,,
74,5.0,351500,0.6125474399999999,3070,114,0.1,0.005097518908456923,1460,0.8706543743610382,-94.75378153874324,1e-05,0.026917139,0.006419282842161429,0.05505289509892464,0.035596057772636414,0.423980758828708,,
75,5.0,356250,0.61442798,3110,114,0.1,0.004554778050320844,1480,0.8790216371417046,-94.75492808024089,1e-05,0.03288419,0.009046729248482939,0.05505065247416496,-0.018633004277944565,0.41991665549834983,,
76,5.0,361000,0.61110767,3151,114,0.1,0.004848730673547835,1500,0.8795420229434967,-94.75828889211019,1e-05,0.028670864,0.018330675320709523,0.055046528577804565,0.017286337912082672,0.5296666538156569,,
77,5.0,365750,0.61662366,3190,114,0.1,0.004572519771635341,1520,0.8832715079188347,-94.76171634380634,1e-05,0.035425622,0.013541597399184304,0.05504629388451576,-0.001136641949415207,0.4827563983973307,,
78,5.0,370500,0.61340962,3229,114,0.1,0.004655582982684589,1540,0.8807822242379189,-94.7614572482639,1e-05,0.021252722,0.012574372375982867,0.05504647269845009,0.021371956914663315,0.46153887659518256,,
79,5.0,375250,0.6143126799999999,3268,114,0.1,0.004630853637178062,1560,0.8785169273614883,-94.76184206875888,1e-05,0.039792184,0.008021878540690105,0.05504564940929413,-0.0370495580136776,0.41364392854386206,,
80,5.0,380000,0.61528232,3329,114,0.1,0.004655732542204742,1580,0.883462443947792,-94.76120368761894,1e-05,0.019588856,0.010482597881847147,0.055048201233148575,0.050354912877082825,0.43457050212682824,5.0,0.6593963850695154
81,5.0,384750,0.61737514,3367,114,0.1,0.0049404432171617045,1600,0.8816359043121338,-94.75825410322709,1e-05,0.017471086,0.007697360826290222,0.055049970746040344,0.020668672397732735,0.4431893824910124,,
82,5.0,389500,0.61780128,3406,114,0.1,0.004786426017526537,1620,0.8840356990695,-94.75544174194336,1e-05,0.017111676,0.009245774226019661,0.05505334585905075,0.05809556692838669,0.43939998928612717,,
83,5.0,394250,0.6150840399999999,3445,114,0.1,0.00464398833638471,1640,0.8841865360736847,-94.75242629581028,1e-05,0.030948857,0.017251648215972207,0.05505504086613655,0.03557519614696503,0.4836319323525661,,
84,5.0,399000,0.6151961,3483,114,0.1,0.004565356761708649,1660,0.885967418551445,-94.74810576968723,1e-05,0.025697729,0.01371990659590947,0.05506054311990738,0.04365316033363342,0.48047220894885767,,
85,5.0,403750,0.6180201300000001,3522,114,0.1,0.004159107222927339,1680,0.8914566934108734,-94.74546291466915,1e-05,0.022917174,0.011057373459010922,0.055059149861335754,0.04780250042676926,0.4333484733576011,,
86,5.0,408500,0.61863894,3561,114,0.1,0.004661711686446021,1700,0.8827495351433754,-94.74824981689453,1e-05,0.027201006,0.008728433475992281,0.055055901408195496,0.03535741567611694,0.4194583233740802,,
87,5.0,413250,0.6189256000000001,3599,114,0.1,0.004732130882330239,1720,0.886192761361599,-94.75047027587891,1e-05,0.017091969,0.004128908708710031,0.05505571514368057,0.057675618678331375,0.4204499891710778,,
88,5.0,418000,0.61924064,3638,114,0.1,0.004783009540600082,1740,0.8817401602864265,-94.75116706848145,1e-05,0.021335503,0.010603105662772784,0.0550549253821373,0.03482915088534355,0.42351665657479315,,
89,5.0,422750,0.61646618,3677,114,0.1,0.004658392178437983,1760,0.8776093944907188,-94.75312472449409,1e-05,0.022148022,0.00914366816157882,0.05505196750164032,0.0339367538690567,0.44349304590529454,,
90,5.0,427500,0.61828349,3738,114,0.1,0.004259588771965354,1780,0.8904078453779221,-94.7560627746582,1e-05,0.02001568,0.011721430040406962,0.05504985898733139,0.030163804069161415,0.44467498837194097,5.0,0.659596267635935
91,5.0,432250,0.62042854,3777,114,0.1,0.004757357111925052,1800,0.881383903324604,-94.75836177402073,1e-05,0.01997569,0.007370260096673791,0.055048584938049316,0.03610297292470932,0.43247221174468803,,
92,5.0,437000,0.6228100400000001,3814,114,0.1,0.004828104848663012,1820,0.8866405710577965,-94.75792035420736,1e-05,0.01937863,0.009311331602020084,0.05505042523145676,0.029705030843615532,0.4396666554687545,,
93,5.0,441750,0.62168296,3854,114,0.1,0.004685089527629316,1840,0.8871811330318451,-94.75692601203919,1e-05,0.021413902,0.007782792853039888,0.05504973232746124,0.041926562786102295,0.46929686319393416,,
94,5.0,446500,0.6231729999999999,3892,114,0.1,0.004379075954859264,1860,0.8892712518572807,-94.75891923170823,1e-05,0.026078982,0.01162877253177823,0.05504727363586426,0.03682725131511688,0.48109614132330397,,
95,5.0,451250,0.6171987600000001,3933,114,0.1,0.004828025126347743,1880,0.8899528980255127,-94.75959534226803,1e-05,0.023173118,0.010332362625416307,0.05504816025495529,0.045926082879304886,0.4674999877328478,,
96,5.0,456000,0.6226852500000001,3971,114,0.1,0.004253666839407136,1900,0.8881541043519974,-94.75946016947428,1e-05,0.027542392,0.010789713616935502,0.05504786968231201,0.014145737513899803,0.42515832267701625,,
97,5.0,460750,0.62171371,4009,114,0.1,0.004550900846493967,1920,0.887998916208744,-94.76066133903734,1e-05,0.017522095,0.002188532791985016,0.05504690110683441,0.034517306834459305,0.3954318075271493,,
98,5.0,465500,0.62416276,4047,115,0.1,0.004388551310650214,1940,0.8886221945285797,-94.7615865534002,1e-05,0.012796131,0.008690340476977521,0.05504632741212845,0.06573063135147095,0.4114318079032907,,
99,5.0,470250,0.6246880499999999,4087,115,0.1,0.004240549714450026,1960,0.8858233615756035,-94.76279826164246,1e-05,0.034227367,0.011517934470527817,0.05504383146762848,-0.0007252674549818039,0.4714114465576131,,
100,5.0,475000,0.6225175199999999,4147,114,0.1,0.004450774664014933,1980,0.8875216394662857,-94.76451928274972,1e-05,0.0152402455,0.002983170763594279,0.055043816566467285,0.049484983086586,0.35246427635706606,5.0,0.6628474961378268
101,5.0,479750,0.6220656200000001,4186,114,0.1,0.0047695974186540415,2000,0.8900554552674294,-94.7639011285244,1e-05,0.019235656,0.0066093696479788975,0.05504506081342697,0.050417833030223846,0.4470833223110113,,
102,5.0,484500,0.62569792,4224,114,0.1,0.004229549299925566,2020,0.8919352442026138,-94.76245478312174,1e-05,0.027340388,0.006201314073183539,0.055045731365680695,0.032584015280008316,0.431299990429543,,
103,5.0,489250,0.62891013,4264,114,0.1,0.004285427130525932,2040,0.8933571726083755,-94.76157133919853,1e-05,0.023788372,0.008911577076617607,0.05504710227251053,0.022956088185310364,0.45569641657084936,,
104,5.0,494000,0.62084924,4303,114,0.1,0.004649012102228072,2060,0.8924240097403526,-94.76138575236003,1e-05,0.021797486,0.013280792814381617,0.05504562705755234,0.03158256411552429,0.4982722095824364,,
105,5.0,498750,0.62195716,4342,114,0.1,0.004804155438961018,2080,0.8866134807467461,-94.7633429754348,1e-05,0.016737431,0.0048885966365180885,0.05504423379898071,0.03914037346839905,0.458511892674003,,
106,5.0,503500,0.62629826,4380,114,0.1,0.004485548268227528,2100,0.891017459332943,-94.7639957110087,1e-05,0.01705211,0.005727963150438272,0.05504429340362549,0.04714692384004593,0.3852291570646533,,
107,5.0,508250,0.62705525,4419,115,0.1,0.004640527888356397,2120,0.885760061442852,-94.76563788519965,1e-05,0.016735317,0.007473165449394808,0.05504177510738373,0.06092812865972519,0.4547083214468633,,
108,5.0,513000,0.6280942799999999,4458,115,0.1,0.004512315654816727,2140,0.8884794488549232,-94.7674634806315,1e-05,0.011325181,0.0057114806434420936,0.05504120886325836,0.05290895700454712,0.3917916560266167,,
109,5.0,517750,0.62788975,4497,115,0.1,0.004682665269296521,2160,0.8810496032238007,-94.76576379629282,1e-05,0.01993396,0.0074508667067356565,0.0550447516143322,0.03372111916542053,0.4467435778906712,,
110,5.0,522500,0.6289256000000001,4559,114,0.1,0.004182688872186611,2180,0.890456035733223,-94.76265196188902,1e-05,0.036161035,0.00502510230688869,0.055046070367097855,0.020010773092508316,0.4543910143335756,5.0,0.6618640910684264
111,5.0,527250,0.62680559,4597,114,0.1,0.004144316153445592,2200,0.8912022635340691,-94.76165011088054,1e-05,0.022332126,0.014322978701800458,0.055046647787094116,0.04228581488132477,0.42199998976197095,,
112,5.0,532000,0.6300917900000002,4635,114,0.1,0.004038354096524982,2220,0.8936044052243233,-94.76077154910925,1e-05,0.021031005,0.012833934968061303,0.05504744499921799,0.04622112587094307,0.4574772611810741,,
113,5.0,536750,0.630201,4673,114,0.1,0.004516780070650081,2240,0.8890433982014656,-94.76138585408529,1e-05,0.043579787,0.011136936955267155,0.055045656859874725,-0.004829004406929016,0.44377498717202496,,
114,5.0,541500,0.63023064,4713,114,0.1,0.004115119624572496,2260,0.8974112942814827,-94.76513649834527,1e-05,0.02086831,0.011859791595558625,0.05504073575139046,0.05290678143501282,0.4559055442031887,,
115,5.0,546250,0.6299203299999999,4752,114,0.1,0.004648671677568927,2280,0.8853091299533844,-94.76953212420146,1e-05,0.020078793,0.009246273544150356,0.055038999766111374,0.04814679175615311,0.4682395719593236,,
116,5.0,551000,0.62719077,4791,114,0.1,0.004527285827789456,2300,0.8882656618952751,-94.76995383368597,1e-05,0.029882183,0.01375173261649292,0.05503945052623749,0.006734274327754974,0.48447776617378824,,
117,5.0,555750,0.6323945599999999,4829,115,0.1,0.0042061678193876465,2320,0.8932603895664215,-94.77030771428889,1e-05,0.027189048,0.011656158515660072,0.055038269609212875,0.03195802867412567,0.4342424120203677,,
118,5.0,560500,0.62728107,4869,115,0.1,0.004508994659865458,2340,0.8905194997787476,-94.77195157817766,1e-05,0.04621775,0.016333706779737316,0.0550357922911644,0.04984743148088455,0.5400293984925192,,
119,5.0,565250,0.62621315,4909,115,0.1,0.004443503376872589,2360,0.8922675624489784,-94.77608297438849,1e-05,0.042361278,0.008270706314130316,0.055032163858413696,0.016970302909612656,0.4787083209558789,,
120,5.0,570000,0.6308649,4971,114,0.1,0.00439643463032553,2380,0.8950971886515617,-94.7824550628662,1e-05,0.025082046,0.011902990106228247,0.05502492934465408,0.03627520427107811,0.48921352910110727,5.0,0.6612864685089046
121,5.0,574750,0.6320825400000001,5011,114,0.1,0.004416549220817008,2400,0.8938064053654671,-94.78756200472513,1e-05,0.028929114,0.008962893232833684,0.05502331629395485,0.03325960785150528,0.49705207121830125,,
122,5.0,579500,0.6305974000000001,5049,114,0.1,0.004606802624184638,2420,0.8922272399067879,-94.78820182800293,1e-05,0.012794174,0.007069852390751231,0.055024124681949615,0.05844869464635849,0.40416665764835974,,
123,5.0,584250,0.6321591799999999,5089,114,0.1,0.0042377101383560024,2440,0.8971786201000214,-94.78691319359673,1e-05,0.03588451,0.01290008423057872,0.05502494424581528,0.02477598562836647,0.4721597101241868,,
124,5.0,589000,0.63259809,5128,114,0.1,0.004687619064047578,2460,0.8886718526482582,-94.78706864856538,1e-05,0.03291227,0.01416577314814605,0.05502406507730484,0.013174429535865784,0.47895236815148523,,
125,5.0,593750,0.63195918,5169,114,0.1,0.004388295126790624,2480,0.89460389316082,-94.78538691202799,1e-05,0.02445372,0.012564308094645522,0.05502808094024658,0.013291824609041214,0.4599226068672059,,
126,5.0,598500,0.62987448,5208,114,0.1,0.004269670224748552,2500,0.8939638137817383,-94.78333623250326,1e-05,0.023460196,0.01492735698208766,0.05502760782837868,0.019432593137025833,0.46404998841281564,,
127,5.0,603250,0.63077626,5247,114,0.1,0.004545251329869239,2520,0.8945673480629921,-94.78294681972928,1e-05,0.017105011,0.008519939436441446,0.05502857267856598,0.055702704936265945,0.43804860014934094,,
128,5.0,608000,0.6331233099999999,5286,115,0.1,0.004331067160334593,2540,0.8944637849926949,-94.78414265314738,1e-05,0.017778555,0.005206450811380938,0.055025648325681686,0.04584932699799538,0.447197905301194,,
129,5.0,612750,0.6344735600000001,5326,115,0.1,0.004301220084986805,2560,0.8955607712268829,-94.78371667861938,1e-05,0.041402094,0.005107298647036869,0.05502961948513985,0.0428251214325428,0.49364582113242556,,
130,5.0,617500,0.63342036,5386,114,0.1,0.004264580122253392,2580,0.8943160697817802,-94.78053404490153,1e-05,0.035520677,0.00334719929397338,0.055030569434165955,-0.0347735732793808,0.38738540667885296,5.0,0.6602063007208168
131,5.0,622250,0.63460269,5424,114,0.1,0.004420362861344108,2600,0.8987391293048859,-94.78047878124096,1e-05,0.02281017,0.009166377300752062,0.055029917508363724,0.02037881314754486,0.3866203597298375,,
132,5.0,627000,0.63509605,5463,114,0.1,0.00381982783243681,2620,0.8970388695597649,-94.78279641958383,1e-05,0.012780654,0.0125746044878906,0.05502646788954735,0.04732724279165268,0.4599679363378061,,
133,5.0,631750,0.6325641900000001,5502,114,0.1,0.0042687301776216675,2640,0.8986113891005516,-94.78378960291545,1e-05,0.028145859,0.010324914783135072,0.05502832680940628,0.03607255592942238,0.48832290367378545,,
134,5.0,636500,0.63305341,5542,114,0.1,0.004215974899796912,2660,0.8967148959636688,-94.78188548943935,1e-05,0.03225505,0.01528146886592619,0.05503023415803909,0.01552332192659378,0.473583321675706,,
135,5.0,641250,0.63057166,5580,114,0.1,0.00418477059786462,2680,0.9006099477410316,-94.78151531797467,1e-05,0.040187072,0.014616991465023836,0.055027931928634644,0.027408551424741745,0.4657424120585237,,
136,5.0,646000,0.6331385199999999,5619,114,0.1,0.004437053841356115,2700,0.8974821642041206,-94.7843266356225,1e-05,0.028320132,0.009198619755561917,0.055026352405548096,0.017781656235456467,0.4681225377646293,,
137,5.0,650750,0.6346801,5658,115,0.1,0.004260213831157395,2720,0.8991958871483803,-94.78490142822265,1e-05,0.020759264,0.006613651958222342,0.055026616901159286,0.05520421639084816,0.41524241347232776,,
138,5.0,655500,0.63716665,5696,115,0.1,0.004044209816881145,2740,0.9040747061371803,-94.7848550415039,1e-05,0.017091008,0.008118053561449508,0.055026620626449585,0.05504827946424484,0.42970832301458967,,
139,5.0,660250,0.63532989,5734,115,0.1,0.003879607764316634,2760,0.9021542966365814,-94.78437874203637,1e-05,0.03869711,0.0035936886085518724,0.055027224123477936,-0.031962767243385315,0.3720357050786593,,
140,5.0,665000,0.6387316399999999,5795,114,0.1,0.004669108963086425,2780,0.8961625024676323,-94.78576610883077,1e-05,0.04374933,0.009887158112795696,0.05502457171678543,-0.0185549333691597,0.4617395703593502,5.0,0.6589504017829338
141,5.0,669750,0.6365394500000001,5834,114,0.1,0.00424183394240502,2800,0.8970330059528351,-94.78819216214694,1e-05,0.017286746,0.012399958605983303,0.055023275315761566,0.05577157810330391,0.4264871681825473,,
142,5.0,674500,0.63707258,5873,114,0.1,0.004648778367286118,2820,0.8951049745082855,-94.79123914669722,1e-05,0.020034267,0.003782852582690956,0.05501899868249893,0.05055990815162659,0.42717306584072035,,
143,5.0,679250,0.63743341,5912,114,0.1,0.004006424525048202,2840,0.9024494215846062,-94.79439456646259,1e-05,0.018670997,0.013142064027338649,0.05501796305179596,0.06406813859939575,0.48397434670716905,,
144,5.0,684000,0.63632496,5952,114,0.1,0.004299882935503354,2860,0.8977394700050354,-94.79445137610803,1e-05,0.024503937,0.006037213209620991,0.05501860752701759,0.029917653650045395,0.43385255347149304,,
145,5.0,688750,0.6386416399999999,5992,114,0.1,0.0040875176257358335,2880,0.9011859819293022,-94.7945194929074,1e-05,0.027176062,0.01284024661460961,0.055017903447151184,0.03779362142086029,0.47571793644068144,,
146,5.0,693500,0.6370337500000001,6030,114,0.1,0.004711442815001916,2900,0.8934577777981758,-94.79555960761176,1e-05,0.0149823325,0.009216023074396177,0.055016860365867615,0.036621589213609695,0.41351850725434447,,
147,5.0,698250,0.6405055900000001,6069,115,0.1,0.00408427871686096,2920,0.9037204682826996,-94.79722683376735,1e-05,0.023296429,0.0143773239234139,0.05501522868871689,0.051791153848171234,0.5165777664228032,,
148,5.0,703000,0.6376699100000001,6108,115,0.1,0.003932339053911467,2940,0.8990483358502388,-94.79866963341122,1e-05,0.027575066,0.01464074092049361,0.05501455068588257,0.027970191091299057,0.4671309399485056,,
149,5.0,707750,0.6406436000000001,6147,115,0.1,0.004084282508119941,2960,0.8986885249614716,-94.79690852695042,1e-05,0.022094114,0.013442935686634478,0.05501837283372879,0.06965799629688263,0.463458321753165,,
150,5.0,712500,0.6382056199999999,6208,114,0.1,0.003987388635251784,2980,0.9031093418598175,-94.79261130130652,1e-05,0.029312149,0.011916041275136017,0.05502162501215935,0.007161945104598999,0.45234089792762516,5.0,0.6614503149153452
151,5.0,717250,0.6390396800000001,6246,114,0.1,0.0039303476082612615,3000,0.9011075273156166,-94.79105326334636,1e-05,0.01671374,0.0047888908460508185,0.05502048134803772,0.05528666079044342,0.42225756485466703,,
152,5.0,722000,0.6378298599999999,6286,114,0.1,0.00435778959702778,3020,0.8988276198506355,-94.7913787206014,1e-05,0.038594708,0.015425411729167553,0.055021338164806366,0.020710580050945282,0.4879426963646741,,
153,5.0,726750,0.6386425,6325,114,0.1,0.004405075791291893,3040,0.9001510664820671,-94.7919334157308,1e-05,0.027796634,0.01480437928588605,0.05501975491642952,0.038084179162979126,0.45966665451259664,,
154,5.0,731500,0.63815281,6362,114,0.1,0.0039752920796335845,3060,0.9027874544262886,-94.79290344803421,1e-05,0.045154672,0.009247097626964034,0.05501939356327057,0.01391541212797165,0.4108518398021934,,
155,5.0,736250,0.64014861,6402,115,0.1,0.00443318051349541,3080,0.9008547365665436,-94.79330742575905,1e-05,0.02530177,0.014521988349617912,0.05501972511410713,0.04241054877638817,0.45009089915194744,,
156,5.0,741000,0.64053808,6440,115,0.1,0.004090306716777074,3100,0.9015941917896271,-94.79341676500108,1e-05,0.020059722,0.008871730012611814,0.055018696933984756,0.045619163662195206,0.45086804398904656,,
157,5.0,745750,0.63856612,6480,115,0.1,0.003971427301946801,3120,0.903437927365303,-94.7929254242868,1e-05,0.01772671,0.007407118070783329,0.05502104014158249,0.05456985905766487,0.4334924131730628,,
158,5.0,750500,0.63748516,6518,115,0.1,0.004053722160945957,3140,0.9033951014280319,-94.79177227020264,1e-05,0.01584774,0.01225610716032285,0.05502016842365265,0.06565836817026138,0.41299998833565044,,
159,5.0,755250,0.6413938400000001,6556,115,0.1,0.004351128057654326,3160,0.8979352712631226,-94.79224449793497,1e-05,0.018969396,0.011018976010308833,0.05502016097307205,0.05307456851005554,0.41981248868008453,,
160,5.0,760000,0.6408629,6617,114,0.1,0.004382196073937747,3180,0.8986131027340889,-94.79278738233778,1e-05,0.03473751,0.006201425653173125,0.055019669234752655,0.00994422473013401,0.44230554532647753,5.0,0.6619813602228409
161,5.0,764750,0.6386638499999999,6656,114,0.1,0.003803685981653292,3200,0.9016150906682014,-94.79054875229345,1e-05,0.02145722,0.015070931325890284,0.05502396449446678,0.06179489195346832,0.4581818066269272,,
162,5.0,769500,0.6406172600000001,6694,114,0.1,0.0038650462973035043,3220,0.9031878188252449,-94.7865572894061,1e-05,0.020441836,0.010821266237794535,0.0550261065363884,0.05073912441730499,0.4496944334771898,,
163,5.0,774250,0.6414428000000001,6734,114,0.1,0.004161970917808099,3240,0.9033649861812592,-94.7859204779731,1e-05,0.027591819,0.013106866644386251,0.055025383830070496,0.0347527414560318,0.48162221040059294,,
164,5.0,779000,0.6410018599999999,6772,115,0.1,0.004243323092149305,3260,0.9028800502419472,-94.78481483459473,1e-05,0.031631514,0.009856080959037571,0.05502814054489136,-0.001967240124940872,0.46783927379264717,,
165,5.0,783750,0.6414443599999999,6812,115,0.1,0.004114667313973396,3280,0.8996995836496353,-94.78517424754607,1e-05,0.04621767,0.01062977333921522,0.05502485856413841,-0.014507230371236801,0.46579485977641666,,
166,5.0,788500,0.6406177200000001,6851,115,0.1,0.003884378414312821,3300,0.9052903205156326,-94.78752163478306,1e-05,0.026116863,0.016244500542956213,0.05502389371395111,0.03082907944917679,0.49086308283953084,,
167,5.0,793250,0.6388033799999999,6891,115,0.1,0.004320562198214853,3320,0.899503119289875,-94.78764142990113,1e-05,0.027913705,0.018095715509807025,0.055024392902851105,0.005715597420930862,0.5041718629644796,,
168,5.0,798000,0.64043506,6930,115,0.1,0.003943681797215668,3340,0.9028051719069481,-94.78793436686198,1e-05,0.01981611,0.011423052009607764,0.05502324923872948,0.03969794139266014,0.4634679372697018,,
169,5.0,802750,0.64184684,6969,115,0.1,0.0038357912703456047,3360,0.9041323363780975,-94.78954960505168,1e-05,0.027889939,0.012686733132109943,0.05502248555421829,0.029485465958714485,0.4818437385974297,,
170,5.0,807500,0.63991445,7030,114,0.1,0.004160888514681054,3380,0.9008117169141769,-94.7910685039702,1e-05,0.03088212,0.017581350881511755,0.05501953512430191,0.03353323042392731,0.4622202256040293,5.0,0.6611041723859784
171,5.0,812250,0.6391187500000001,7070,114,0.1,0.004182928211780058,3400,0.9022713527083397,-94.79239622328016,1e-05,0.040023495,0.010632326104124594,0.0550215020775795,-0.005186449736356735,0.4697166555157552,,
172,5.0,817000,0.64113256,7110,114,0.1,0.003987996324091607,3420,0.9046507701277733,-94.78937872250874,1e-05,0.032074347,0.011151064222004448,0.05502431094646454,0.028731849044561386,0.4588020726223476,,
173,5.0,821750,0.64019293,7148,114,0.1,0.0039779989259494915,3440,0.9043992832303047,-94.78836393810454,1e-05,0.018311009,0.006862025386426548,0.055022794753313065,0.06832554936408997,0.40269046706768374,,
174,5.0,826500,0.6433309999999999,7186,115,0.1,0.0038286151629025964,3460,0.9012179374694824,-94.78853454589844,1e-05,0.015196487,0.007809264266832006,0.05502457171678543,0.03860952705144882,0.4150454438263268,,
175,5.0,831250,0.63713186,7226,115,0.1,0.0038722463864057015,3480,0.9030672237277031,-94.78570312923856,1e-05,0.029765807,0.011361483036997373,0.055027663707733154,0.030083853751420975,0.47102082196700695,,
176,5.0,836000,0.64062713,7264,115,0.1,0.003476728399982676,3500,0.9069957956671715,-94.78270867087625,1e-05,0.042673897,0.01310630352375191,0.05502939224243164,0.033931609243154526,0.4856742301701822,,
177,5.0,840750,0.6421682400000001,7302,115,0.1,0.004297970823891875,3520,0.9019633382558823,-94.78312772115072,1e-05,0.01959184,0.013813332128912715,0.055026814341545105,0.04484950006008148,0.4383124882264787,,
178,5.0,845500,0.64045483,7340,115,0.1,0.003937561628020679,3540,0.9032428190112114,-94.78607933044434,1e-05,0.020607384,0.00876370534154268,0.05502469837665558,0.044767431914806366,0.4378166554495692,,
179,5.0,850250,0.6424720500000001,7378,115,0.1,0.003908786561417704,3560,0.908074140548706,-94.78836092631022,1e-05,0.06433607,0.013051946084537006,0.05502335727214813,-0.08752060681581497,0.4329249884514138,,
180,5.0,855000,0.6411350399999999,7440,114,0.1,0.0039652572123883055,3580,0.9012484475970268,-94.7881365262545,1e-05,0.028399842,0.016722360767519623,0.055024389177560806,0.06031555309891701,0.5080512696650261,5.0,0.6604793635088688
181,5.0,859750,0.64090455,7477,114,0.1,0.003858406067593023,3600,0.9024862796068192,-94.78780225118001,1e-05,0.016190296,0.0022302118834098533,0.05502411723136902,0.05260142311453819,0.3747777686583706,,
182,5.0,864500,0.6394001500000001,7515,115,0.1,0.003672492294572294,3620,0.9076613634824753,-94.78763298034669,1e-05,0.018062072,0.005632479013380363,0.05502454563975334,0.022684969007968903,0.4042749899144595,,
183,5.0,869250,0.64390739,7553,115,0.1,0.0037497734107698,3640,0.908173143863678,-94.78778706303349,1e-05,0.04510261,0.006061073158455884,0.055024005472660065,-0.029756266623735428,0.4347592488586627,,
184,5.0,874000,0.6423190699999999,7594,115,0.1,0.003657143100038714,3660,0.9053763076663017,-94.79181046485901,1e-05,0.024620637,0.016683624636114853,0.05501732975244522,0.030952874571084976,0.47098957111496326,,
185,5.0,878750,0.6410480599999999,7634,115,0.1,0.003750684138088088,3680,0.9030464962124825,-94.79610045296805,1e-05,0.04464775,0.008760291664173562,0.05501713976264,-0.023299649357795715,0.4664107022208295,,
186,5.0,883500,0.64196534,7672,115,0.1,0.0037622740401679444,3700,0.9074883684515953,-94.79646654482241,1e-05,0.020897632,0.012508358388235863,0.05501655861735344,0.06828730553388596,0.42548147019136834,,
187,5.0,888250,0.64180162,7710,115,0.1,0.0041389920039191135,3720,0.902018740773201,-94.79633829025995,1e-05,0.017681357,0.010594960792800912,0.055017247796058655,0.04122801870107651,0.4118928458364237,,
188,5.0,893000,0.64029296,7749,115,0.1,0.004071388798599531,3740,0.8998814523220062,-94.79505498976934,1e-05,0.031737696,0.011169093293553263,0.05501910299062729,0.026026124134659767,0.4716309400053606,,
189,5.0,897750,0.63833419,7787,115,0.1,0.0039947135105841995,3760,0.9028805494308472,-94.79363643761837,1e-05,0.047770515,0.011084352984956497,0.05501957982778549,0.010649271309375763,0.4476212015488383,,
190,5.0,902500,0.64472768,7849,114,0.1,0.0037965189846646454,3780,0.9041625261306763,-94.79652828640408,1e-05,0.04309203,0.011306237064286904,0.05501270294189453,0.01629737764596939,0.47429859902347543,5.0,0.6597594258372845
191,5.0,907250,0.6399678299999999,7887,115,0.1,0.004451270868173904,3800,0.9019159972667694,-94.80402231852213,1e-05,0.026875501,0.01232722633448559,0.05500870198011398,0.024646945297718048,0.45475554417197905,,
192,5.0,912000,0.6447978000000001,7927,115,0.1,0.004130344707352508,3820,0.9023094549775124,-94.80479950677781,1e-05,0.022216225,0.009019562364358415,0.055010661482810974,0.041788361966609955,0.47849998819264805,,
193,5.0,916750,0.6397139100000001,7966,115,0.1,0.004246972085004954,3840,0.9054871797561646,-94.80332463582357,1e-05,0.014442231,0.005215594363273174,0.05501079559326172,0.046837978065013885,0.413174232483531,,
194,5.0,921500,0.6429872699999999,8005,115,0.1,0.003834401982991646,3860,0.9061039164662361,-94.80298233032227,1e-05,0.016870504,0.00821002702439889,0.055011190474033356,0.0364665612578392,0.42851850762100957,,
195,5.0,926250,0.6413499899999999,8045,115,0.1,0.004123189630826899,3880,0.903936505317688,-94.80389966777727,1e-05,0.038383864,0.011742351046358242,0.05500981956720352,0.0358523428440094,0.5378039071847703,,
196,5.0,931000,0.64766142,8083,115,0.1,0.00393941808830608,3900,0.90559421479702,-94.80456838896781,1e-05,0.0284973,0.006939943750307757,0.055009886622428894,0.009845379739999771,0.4322196861884246,,
197,5.0,935750,0.64516036,8122,115,0.1,0.0040568587861748205,3920,0.9064607173204422,-94.80356693267822,1e-05,0.024721002,0.007892166359472971,0.05501152202486992,0.019998542964458466,0.42860415565082804,,
198,5.0,940500,0.64203726,8162,115,0.1,0.004100014218009818,3940,0.9014954790472984,-94.80076767359024,1e-05,0.019995881,0.008731947872783967,0.05501535162329674,0.07292880862951279,0.4508012702437834,,
199,5.0,945250,0.64378066,8200,115,0.1,0.0037689843863093603,3960,0.9060762673616409,-94.79778004964193,1e-05,0.021658316,0.005646197272970674,0.055015478283166885,0.046555861830711365,0.44659998947909724,,
200,5.0,950000,0.64447817,8262,114,0.1,0.004269361202669744,3980,0.9022266939282417,-94.79730455610488,1e-05,0.039404932,0.015712150063547585,0.055016905069351196,0.01944558694958687,0.5017777659490498,5.0,0.6607061828746563
201,5.0,954750,0.6448384,8299,115,0.1,0.003592661107648854,4000,0.9065346866846085,-94.79683939615886,1e-05,0.029845124,0.00934510593958205,0.05501578003168106,0.048988983035087585,0.45201850884283584,,
202,5.0,959500,0.6419462800000001,8339,115,0.1,0.0038752430314928587,4020,0.9061963558197021,-94.7966001922009,1e-05,0.027807325,0.013855375722037329,0.05501817911863327,0.05544948950409889,0.4829313608854279,,
203,5.0,964250,0.6420734400000001,8377,115,0.1,0.004093452216669296,4040,0.9058240205049515,-94.79438707987468,1e-05,0.016141212,0.007182942435749343,0.05501902475953102,0.0595499724149704,0.4122999891374881,,
204,5.0,969000,0.6462613400000001,8417,115,0.1,0.0041293649487973505,4060,0.8997295796871185,-94.79300923347473,1e-05,0.021246022,0.013682643520965787,0.055020879954099655,0.074112169444561,0.5084479047586986,,
205,5.0,973750,0.64294982,8456,115,0.1,0.003991009571099988,4080,0.9049888029694557,-94.790002147968,1e-05,0.018091548,0.004732520296904858,0.05502380058169365,0.05217515304684639,0.4584807575680315,,
206,5.0,978500,0.64584296,8494,115,0.1,0.0036517837273311758,4100,0.9056763797998428,-94.78735391525996,1e-05,0.03018123,0.014940074357589404,0.05502523481845856,0.0338379442691803,0.393559514094765,,
207,5.0,983250,0.64238556,8535,115,0.1,0.00409703773756822,4120,0.9033418148756027,-94.78663548787435,1e-05,0.022534268,0.013077373935621174,0.055024925619363785,0.04322343319654465,0.51601665376996,,
208,5.0,988000,0.6444102599999999,8574,115,0.1,0.0037924038731337833,4140,0.9056113511323929,-94.78941701253255,1e-05,0.021851545,0.008555982422078763,0.0550212599337101,0.047430384904146194,0.46163193282490184,,
209,5.0,992750,0.64413523,8613,115,0.1,0.004023911511952368,4160,0.9037960022687912,-94.79307687547472,1e-05,0.025088957,0.016593456404283443,0.055018290877342224,0.05941537767648697,0.47000693251352965,,
210,5.0,997500,0.6450216600000002,8674,114,0.1,0.003628559675998986,4180,0.9071468710899353,-94.79568845113118,1e-05,0.022547575,0.008265156238126169,0.0550166592001915,0.04578696936368942,0.4624666558485478,5.0,0.6606657381954242
211,5.0,1002250,0.64389623,8712,115,0.1,0.003965100428004834,4200,0.9040206745266914,-94.79718322753907,1e-05,0.04357292,0.010117746355832243,0.0550159327685833,-0.006360821425914764,0.46080301826340003,,
212,5.0,1007000,0.6467704900000001,8751,115,0.1,0.003968330861189989,4220,0.9032309576869011,-94.79771751121238,1e-05,0.02212972,0.007938811561730206,0.05501540005207062,0.04310036078095436,0.4345277668028656,,
213,5.0,1011750,0.6446845,8788,115,0.1,0.004015724410225327,4240,0.9075483828783035,-94.79868810017904,1e-05,0.022251422,0.011449400375215912,0.05501481890678406,0.05292447656393051,0.45539165517004826,,
214,5.0,1016500,0.6461183799999999,8828,115,0.1,0.003912336184432552,4260,0.9048435986042023,-94.7988268171038,1e-05,0.028497085,0.011183096377730255,0.055014535784721375,0.0591348260641098,0.48204760712438394,,
215,5.0,1021250,0.6458630399999999,8867,115,0.1,0.0036141478880427967,4280,0.9078013747930527,-94.80116612361027,1e-05,0.02507213,0.011699072074162983,0.055010806769132614,0.05039328336715698,0.46511537321747687,,
216,5.0,1026000,0.6459810400000001,8905,115,0.1,0.003675524113835612,4300,0.9093248397111893,-94.80443061192831,1e-05,0.020396648,0.010136917588487759,0.05500905215740204,0.04747651889920235,0.45012498838283743,,
217,5.0,1030750,0.64662547,8943,115,0.1,0.004223979262834681,4320,0.9046313539147377,-94.80399751209077,1e-05,0.027300293,0.014456315063207598,0.055011872202157974,0.03366924449801445,0.4754702259165545,,
218,5.0,1035500,0.6474706100000002,8982,115,0.1,0.003861666447835777,4340,0.9060550779104233,-94.80249888102213,1e-05,0.044993747,0.014763179451286267,0.05501098930835724,0.009948186576366425,0.45465908027959595,,
219,5.0,1040250,0.64801266,9021,115,0.1,0.003848553455900401,4360,0.9070873633027077,-94.8047945912679,1e-05,0.025020743,0.016746717810490117,0.05500846728682518,0.07065366953611374,0.4774333214977135,,
220,5.0,1045000,0.64390811,9081,115,0.1,0.003975600983747946,4380,0.9101722165942192,-94.80553752354213,1e-05,0.02913251,0.011614591381183358,0.055009566247463226,0.025949690490961075,0.5013571303093894,5.0,0.6588678972011006
221,5.0,1049750,0.6442365200000001,9122,115,0.1,0.004106087130882467,4400,0.9028723239898682,-94.8029886563619,1e-05,0.026261672,0.014813938101291727,0.05501268059015274,0.03168249502778053,0.495937487037736,,
222,5.0,1054500,0.64437994,9159,115,0.1,0.0037064192219016454,4420,0.9040882885456085,-94.80037546793619,1e-05,0.018278977,0.013803790323798602,0.05501432716846466,0.027013232931494713,0.44359998881351204,,
223,5.0,1059250,0.6471656899999999,9199,115,0.1,0.0041662989323958755,4440,0.903460793197155,-94.79844907124837,1e-05,0.01739345,0.007582303199717225,0.05501588433980942,0.05168367922306061,0.451099988304389,,
224,5.0,1064000,0.6431318500000001,9239,115,0.1,0.004173804229191904,4460,0.9031958356499672,-94.7979637145996,1e-05,0.04780832,0.021012711087173945,0.055015336722135544,0.037382230162620544,0.5185595118595908,,
225,5.0,1068750,0.64345881,9279,115,0.1,0.004031039646713797,4480,0.9030409157276154,-94.79855094678474,1e-05,0.03563281,0.011486082444852058,0.055014848709106445,0.043023161590099335,0.4440681701300271,,
226,5.0,1073500,0.64477391,9318,115,0.1,0.003921520243845104,4500,0.9005803987383842,-94.80030523935953,1e-05,0.03316216,0.018142307881599082,0.055012233555316925,-0.02276625856757164,0.5233854041784071,,
227,5.0,1078250,0.64440981,9358,115,0.1,0.003957083052401209,4520,0.899758905172348,-94.80252716427758,1e-05,0.03751805,0.007308947008296284,0.05501105636358261,0.009223107248544693,0.48072022546437526,,
228,5.0,1083000,0.64879259,9397,115,0.1,0.004021044027952788,4540,0.8988154083490372,-94.80436818864611,1e-05,0.043535214,0.01442739164027444,0.055009011179208755,0.04045286402106285,0.4672430441236227,,
229,5.0,1087750,0.64642484,9435,115,0.1,0.00388708704461654,4560,0.9033125042915344,-94.80729810274565,1e-05,0.029570714,0.019675104130249876,0.055006079375743866,0.020772460848093033,0.5118461415410424,,
230,5.0,1092500,0.6453479300000001,9497,115,0.1,0.004071246512596392,4580,0.9022794961929321,-94.80762629191081,1e-05,0.028546685,0.01613700731980973,0.05500820279121399,0.05222253501415253,0.4887777661252767,5.0,0.6594561622978905
231,5.0,1097250,0.64473842,9536,115,0.1,0.003810815000906587,4600,0.9010939672589302,-94.80748129950629,1e-05,0.030866547,0.011474745185180737,0.05500684678554535,0.01377243921160698,0.5121388762801264,,
232,5.0,1102000,0.6455356999999999,9575,115,0.1,0.0039372575017764715,4620,0.9065588116645813,-94.80761896769205,1e-05,0.02305842,0.01005414962726221,0.05500820279121399,0.04033106565475464,0.44571968484387703,,
233,5.0,1106750,0.64833852,9613,115,0.1,0.003613162802066654,4640,0.9060020595788956,-94.80891606648763,1e-05,0.04545333,0.012860312404453485,0.05500426143407822,0.019027821719646454,0.4152499885763973,,
234,5.0,1111500,0.64610611,9654,115,0.1,0.003991703058127314,4660,0.9041068106889725,-94.81470493316651,1e-05,0.031424735,0.017010432577345906,0.054998718202114105,0.021640386432409286,0.5113124872371554,,
235,5.0,1116250,0.64636446,9692,115,0.1,0.003886773874789166,4680,0.9051257148385048,-94.81895362006293,1e-05,0.020454383,0.010761708062527974,0.05499672889709473,0.06648904830217361,0.4845624885871075,,
236,5.0,1121000,0.6459642000000001,9731,115,0.1,0.003725443240061092,4700,0.9051504954695702,-94.82122111850315,1e-05,0.026930302,0.015980708883011376,0.05499434471130371,0.0449102409183979,0.5044583216607054,,
237,5.0,1125750,0.6474219699999999,9771,115,0.1,0.004337849647050635,4720,0.902983270585537,-94.82422196524483,1e-05,0.024364904,0.016354021943632516,0.05499233305454254,0.047360509634017944,0.47439284532863113,,
238,5.0,1130500,0.6447523,9809,115,0.1,0.003916729042410022,4740,0.9043725356459618,-94.82554329766168,1e-05,0.036901277,0.01482631974491451,0.05499177798628807,0.025798441842198372,0.46090739570834016,,
239,5.0,1135250,0.6453085299999999,9848,115,0.1,0.0038502981604930635,4760,0.9047239944338799,-94.82539812723796,1e-05,0.034377184,0.019951332855961526,0.054993048310279846,0.02460257150232792,0.5011597107074016,,
240,5.0,1140000,0.6453243800000001,9910,115,0.1,0.003764422112502731,4780,0.9061183035373688,-94.8248651553423,1e-05,0.023405692,0.016937706543448568,0.054991718381643295,0.028453534469008446,0.5181217818234403,5.0,0.6610455067236248
241,5.0,1144750,0.64465339,9948,115,0.1,0.0037030981572267288,4800,0.904260665178299,-94.82679847081502,1e-05,0.024020309,0.00984973676382746,0.05499015003442764,0.051860511302948,0.4334374888877695,,
242,5.0,1149500,0.64618008,9986,115,0.1,0.004158844900990112,4820,0.9035094082355499,-94.82877029842801,1e-05,0.029038308,0.019663154207654663,0.05498834699392319,-0.008314624428749084,0.5159027643695784,,
243,5.0,1154250,0.6456649099999998,10025,115,0.1,0.003872595770129313,4840,0.9056375995278358,-94.8304441579183,1e-05,0.026121324,0.009286243457962702,0.05498751625418663,0.03177768737077713,0.4421416553979119,,
244,5.0,1159000,0.64442831,10064,115,0.1,0.0038611707956685373,4860,0.9028908163309097,-94.83318021138508,1e-05,0.042613238,0.0178730401981292,0.05498331040143967,0.014501150697469711,0.4731666544654096,,
245,5.0,1163750,0.6473654499999999,10101,115,0.1,0.003989885411768531,4880,0.9013495892286301,-94.83696517944335,1e-05,0.036832433,0.017964145205544537,0.05498151108622551,0.03146181255578995,0.4560416548687499,,
246,5.0,1168500,0.6410883100000001,10141,115,0.1,0.004006193548691674,4900,0.9038386568427086,-94.83857854207356,1e-05,0.03970834,0.017563775385349555,0.054980479180812836,0.015869971364736557,0.4948205003144745,,
247,5.0,1173250,0.64535481,10181,115,0.1,0.0036888796913747985,4920,0.9039720445871353,-94.84072079780775,1e-05,0.043205857,0.015254271602312842,0.054977256804704666,0.026689177379012108,0.5285512685047414,,
248,5.0,1178000,0.6473312800000001,10219,115,0.1,0.004220401297789067,4940,0.8998843282461166,-94.84221366599753,1e-05,0.024685957,0.015219079951880751,0.054978590458631516,0.04099958389997482,0.45324998907744884,,
249,5.0,1182750,0.64416059,10257,115,0.1,0.004303079262220611,4960,0.8975222483277321,-94.84011797587077,1e-05,0.040363844,0.020134541952133655,0.054980576038360596,-0.0012845322489738464,0.5007166537176818,,
250,5.0,1187500,0.6465369400000001,10317,115,0.1,0.003831001105859424,4980,0.905240498483181,-94.83850314978397,1e-05,0.044004798,0.023439815358641408,0.054980989545583725,0.004648074507713318,0.48634089753455056,5.0,0.6582940459843636
251,5.0,1192250,0.6459663799999998,10356,115,0.1,0.0037885024619754406,5000,0.90190289914608,-94.83907477060954,1e-05,0.026360475,0.012298890925717692,0.054979972541332245,0.05354545637965202,0.4587604041754579,,
252,5.0,1197000,0.64561742,10394,115,0.1,0.00395031176050435,5020,0.900193989276886,-94.84072474726925,1e-05,0.019486263,0.007944369947790518,0.054977912455797195,0.04903396964073181,0.45662035951045926,,
253,5.0,1201750,0.64201995,10432,115,0.1,0.003815200133249164,5040,0.9055282846093178,-94.84300883900036,1e-05,0.024708718,0.018352071753964104,0.05497640371322632,0.026641041040420532,0.4780227161069034,,
254,5.0,1206500,0.6469516,10471,115,0.1,0.004322839894582733,5060,0.8977883383631706,-94.84496553861177,1e-05,0.039630573,0.021971649960852838,0.05497444421052933,0.01983831450343132,0.5103910121923456,,
255,5.0,1211250,0.6441823600000001,10509,115,0.1,0.004220310762701999,5080,0.899943083524704,-94.84585749308268,1e-05,0.01874773,0.014913097105890512,0.05497483164072037,0.04438047111034393,0.44240475130444834,,
256,5.0,1216000,0.6437552200000001,10546,115,0.1,0.0036646037040987895,5100,0.9028334245085716,-94.84485368274507,1e-05,0.038738303,0.0225463358711955,0.05497642606496811,0.005575254559516907,0.4871190337331167,,
257,5.0,1220750,0.6431726999999999,10585,115,0.1,0.0038336121387934933,5120,0.8968341052532196,-94.84311182657878,1e-05,0.032682434,0.015258661611755582,0.05497783049941063,0.023960810154676437,0.47981665496093534,,
258,5.0,1225500,0.6421346,10622,115,0.1,0.004008925992820878,5140,0.9010918810963631,-94.8418974240621,1e-05,0.03200775,0.016997463116321016,0.05497826263308525,0.05272999778389931,0.4729791547268784,,
259,5.0,1230250,0.6492804699999999,10661,115,0.1,0.003925379664129154,5160,0.9009957313537598,-94.84218396273526,1e-05,0.049597364,0.018102597128583996,0.05497708171606064,-0.0021626651287078857,0.5047348369477374,,
260,5.0,1235000,0.64759451,10722,115,0.1,0.004293889942169754,5180,0.8978274837136269,-94.84357519438772,1e-05,0.023711441,0.02409971368471408,0.05497623234987259,0.001527596265077591,0.5215757447436,5.0,0.6594856280048331
261,5.0,1239750,0.64662081,10761,115,0.1,0.004046538127162917,5200,0.8980272188782692,-94.84350599809126,1e-05,0.027503707,0.02070306691896969,0.05497713387012482,0.031951598823070526,0.4953939258431395,,
262,5.0,1244500,0.64942785,10798,115,0.1,0.004355098970145696,5220,0.9003991931676865,-94.84352714901878,1e-05,0.029931888,0.019459355740833947,0.05497586727142334,0.016106415539979935,0.46320236940380366,,
263,5.0,1249250,0.64574162,10835,115,0.1,0.003967657151709621,5240,0.900375559926033,-94.84490906397501,1e-05,0.037201684,0.017547862699495227,0.05497528612613678,0.005224600434303284,0.47061457228070747,,
264,5.0,1254000,0.6446789500000001,10873,115,0.1,0.003757468085469944,5260,0.9019578546285629,-94.84562298002697,1e-05,0.019589948,0.010872068362474202,0.054974354803562164,0.04941318929195404,0.4145476085799081,,
265,5.0,1258750,0.6465639299999999,10911,115,0.1,0.004104113523763689,5280,0.900785930454731,-94.84727769331498,1e-05,0.030593982,0.018951589338033835,0.054972678422927856,0.04444833844900131,0.5052045326383615,,
266,5.0,1263500,0.6464532500000001,10950,115,0.1,0.00375951469220497,5300,0.9007013589143753,-94.84907308507849,1e-05,0.04687056,0.020079311406522287,0.054971303790807724,0.04578075930476189,0.5066018395953709,,
267,5.0,1268250,0.6441391999999999,10988,115,0.1,0.003969246898001681,5320,0.8998521417379379,-94.84934158325196,1e-05,0.02718616,0.019939950417243946,0.054972320795059204,0.04364467412233353,0.49517707192571836,,
268,5.0,1273000,0.64640694,11027,115,0.1,0.004237606496705363,5340,0.898524634540081,-94.8506761127048,1e-05,0.040855568,0.016783900084756494,0.054968688637018204,0.009185492992401123,0.4950972092570737,,
269,5.0,1277750,0.6467632999999999,11065,115,0.1,0.004062234425994878,5360,0.9020911678671837,-94.85357255935669,1e-05,0.022307584,0.018514746693952477,0.05496799200773239,0.037049226462841034,0.48548957156793526,,
270,5.0,1282500,0.64644781,11127,115,0.1,0.004201418061095935,5380,0.8997703492641449,-94.85376596695338,1e-05,0.050885174,0.0275333434586407,0.054967306554317474,0.045472677797079086,0.5578333211429894,5.0,0.6603142601969014
271,5.0,1287250,0.6471814899999999,11166,115,0.1,0.00392616948977645,5400,0.8983785212039948,-94.85521734328498,1e-05,0.047421064,0.016718487605865147,0.05496549606323242,0.006764981895685196,0.4361547512046638,,
272,5.0,1292000,0.6453468499999999,11203,115,0.1,0.004070681506501777,5420,0.8985719084739685,-94.85782997494653,1e-05,0.03230298,0.01781141847678056,0.054963499307632446,0.03184991702437401,0.4645833218714134,,
273,5.0,1296750,0.64712677,11241,115,0.1,0.004466492086205454,5440,0.8951591700315475,-94.85884740920294,1e-05,0.028069159,0.025726791043833755,0.054963864386081696,0.026423025876283646,0.4718928460386537,,
274,5.0,1301500,0.64784114,11280,115,0.1,0.0038965040041754645,5460,0.8973844572901726,-94.85846622608327,1e-05,0.04766557,0.023682586477358002,0.05496351420879364,-0.006720907986164093,0.5203518396864335,,
275,5.0,1306250,0.64342349,11318,115,0.1,0.003945601840969175,5480,0.8981559425592422,-94.86007296244303,1e-05,0.048565846,0.0275249359777042,0.05496128275990486,0.0028509683907032013,0.5253499869707351,,
276,5.0,1311000,0.64293509,11356,115,0.1,0.0041559485556332,5500,0.896999679505825,-94.86269054990827,1e-05,0.03222707,0.017944595158437465,0.05495893210172653,0.011992339044809341,0.4940681695768779,,
277,5.0,1315750,0.64608572,11393,115,0.1,0.004092561832318703,5520,0.895889475941658,-94.86391474405924,1e-05,0.026518447,0.01496695292065573,0.05495963245630264,0.025070782750844955,0.427533323255678,,
278,5.0,1320500,0.65038299,11430,115,0.1,0.0038050392957908723,5540,0.8977415934205055,-94.86387948989868,1e-05,0.046489675,0.025027284682497944,0.05495833232998848,-0.031783655285835266,0.5409062372210125,,
279,5.0,1325250,0.6459520400000001,11468,115,0.1,0.004143155907998638,5560,0.8945504203438759,-94.86606067021688,1e-05,0.043945506,0.0284738393169197,0.054956428706645966,0.00503113865852356,0.5209479049527241,,
280,5.0,1330000,0.6450067199999999,11528,115,0.1,0.004320666848992308,5580,0.8894242495298386,-94.86680903116861,1e-05,0.032643918,0.027634033833719592,0.05495705455541611,0.028354674577713013,0.45523332212120293,5.0,0.658620603057456
281,5.0,1334750,0.6438045500000001,11566,115,0.1,0.004009674523868376,5600,0.8937808498740196,-94.86702226911272,1e-05,0.05158202,0.02726646452137789,0.05495574325323105,0.03247649967670441,0.522904748627029,,
282,5.0,1339500,0.64715938,11603,115,0.1,0.0041199806663725115,5620,0.8974101692438126,-94.86774084303114,1e-05,0.067270614,0.028592577706718452,0.05495624244213104,-0.01354573667049408,0.5036527656846577,,
283,5.0,1344250,0.64580439,11640,115,0.1,0.00414302535678467,5640,0.8951391652226448,-94.86763797336154,1e-05,0.028814385,0.01822596011567172,0.0549553781747818,0.030582357197999954,0.4653749886589746,,
284,5.0,1349000,0.6464807300000001,11678,115,0.1,0.003919302544090897,5660,0.8961102291941643,-94.87108187357585,1e-05,0.051842865,0.028900450340718573,0.05495070293545723,0.03082079067826271,0.5371916535201793,,
285,5.0,1353750,0.6472458499999999,11715,115,0.1,0.004146498539485038,5680,0.8970027640461922,-94.87436014811198,1e-05,0.030048916,0.02132340185683362,0.05495017021894455,0.021561812609434128,0.4594166553920756,,
286,5.0,1358500,0.64154136,11751,115,0.1,0.004213396762497723,5700,0.8938626274466515,-94.87517416212293,1e-05,0.050493736,0.02618855134503165,0.05494879186153412,0.04294818639755249,0.47104165385373764,,
287,5.0,1363250,0.6427949900000001,11789,115,0.1,0.004140123687241049,5720,0.891836941242218,-94.87636511666435,1e-05,0.032702174,0.024661531047298933,0.05494819954037666,0.0333729088306427,0.4837618922238194,,
288,5.0,1368000,0.64378107,11827,115,0.1,0.004136325832870272,5740,0.8912002965807915,-94.8766426510281,1e-05,0.04078924,0.022139421235055322,0.05494854971766472,0.043536778539419174,0.475180544388584,,
289,5.0,1372750,0.64250351,11863,115,0.1,0.004062713289749808,5760,0.8891935348510742,-94.8776468594869,1e-05,0.03960452,0.022436331021778996,0.054946258664131165,0.014303896576166153,0.5402916530069585,,
290,5.0,1377500,0.64889467,11923,115,0.1,0.004184842992884417,5780,0.8938726708292961,-94.87965316772461,1e-05,0.037418377,0.026174449247277087,0.05494508519768715,0.021459676325321198,0.4322499879449606,5.0,0.6560755712609976
291,5.0,1382250,0.6459625999999998,11960,115,0.1,0.004321645189165359,5800,0.8943081721663475,-94.88130892799015,1e-05,0.0561934,0.02815272587985687,0.054943524301052094,0.032531771808862686,0.5272261753013091,,
292,5.0,1387000,0.6439048900000001,11997,115,0.1,0.004255592582436899,5820,0.889304518699646,-94.88228464762369,1e-05,0.047395587,0.02615623796510045,0.05494359880685806,0.08527523279190063,0.4784499876542638,,
293,5.0,1391750,0.6432862399999999,12034,115,0.1,0.0038577399837474028,5840,0.8968022987246513,-94.88211218516032,1e-05,0.041944284,0.019873980074952446,0.05494361370801926,-0.0003176555037498474,0.43072915661226335,,
294,5.0,1396500,0.6454733,12072,115,0.1,0.0041357699831548545,5860,0.8913640677928925,-94.88322895595006,1e-05,0.050632372,0.034803101738278705,0.054941534996032715,0.023407671600580215,0.5587856994077031,,
295,5.0,1401250,0.64603014,12109,115,0.1,0.0043796744840663105,5880,0.8903952315449715,-94.88505158197312,1e-05,0.032348033,0.024817703764852404,0.0549405999481678,-0.006808832287788391,0.4973571298643947,,
296,5.0,1406000,0.6447522000000001,12146,115,0.1,0.004396462519653141,5900,0.8843794912099838,-94.88599344889323,1e-05,0.038290802,0.025670765905303414,0.05494006723165512,-0.022075187414884567,0.4629833220349004,,
297,5.0,1410750,0.64426841,12184,115,0.1,0.004424883258373787,5920,0.8893621936440468,-94.88694809807672,1e-05,0.046255928,0.02668968276511034,0.054938677698373795,0.045740626752376556,0.4955138789024204,,
298,5.0,1415500,0.6454370500000001,12220,115,0.1,0.004475310770794749,5940,0.8879685625433922,-94.88807491726345,1e-05,0.028468246,0.011280723609965035,0.05493840575218201,0.09188104420900345,0.36141665916786425,,
299,5.0,1420250,0.6427308700000001,12257,115,0.1,0.00424476555082947,5960,0.8902158439159393,-94.88872477213542,1e-05,0.037561316,0.03578477898282047,0.05493742972612381,0.02316456288099289,0.4988166565820575,,
300,5.0,1425000,0.6456119299999998,12317,115,0.1,0.004543812950141728,5980,0.8851741626858711,-94.89019500732422,1e-05,0.042420607,0.031849559669324165,0.05493571236729622,-0.03979150205850601,0.512733321270595,5.0,0.6567036606044898
